id,text,intent,conversation_state,urgency,frustration,language,escalation,escalation_reason,confidence,notes,cannot_represent
G001,Hey @115888 I'm really glad you decided to make an app for Xbox One but just FYI it really sucks and you need to make it better.,,,,,,,,,,
G002,@SpotifyCares hey buttheads bring back the touch preview feature already before I shit a brick,,,,,,,,,,
G003,@115888 how do I sign up for the annual £99 offer that flashed up on my phone yesterday?,,,,,,,,,,
G004,"@115888 we are all dying to have the entire reputation album already please, save our lives",,,,,,,,,,
G005,@115888 ur app on Xbox is tripping after that update #XboxOne,,,,,,,,,,
G006,"@SpotifyCares Hi, I currently have a premium account but would like to upgrade to a family account. Is this straight forward to do? Thanks :)",,,,,,,,,,
G007,@SpotifyCares hello! I'm subscribed to student premium but somehow it's charging me without the discount? (Its been 2 months),,,,,,,,,,
G008,@SpotifyCares Is Spotify down? Can't access anything I haven't downloaded. Can't search. Nothing. Lots of others reporting the same... ?,,,,,,,,,,
G009,@SpotifyCares Spotify pauses every fucking time I get on snapchat or get an notification from snapchat fix ittt :)),,,,,,,,,,
G010,"Also your inability to use a premium code to discount a family plan is a show stopper @115888. You could charge the difference of family plan cost and one premium gift card (if present), but you don't, so I won't upgrade. So you get less money/month from me.",,,,,,,,,,
G011,Hello @127637 je suis le seul à rencontrer un problème dans la lecture continue après la mise a jour #spoti sur iphone ios11.1 ? Les enchaînements et fondus ne se font plus entre les titres ⁉️,,,,,,,,,,
G012,"@SpotifyCares tried to make a new account on laptop and iPhone but said email is taken. When I enter the email in ""forgot your username or password"" it says ""the CSRF token is invalid. Please try to resubmit the form""",,,,,,,,,,
G013,@117168 server down in LA? #what the fuck,,,,,,,,,,
G014,"Hi, I'm trying to pay for my Spotify premium subscription with PayPal and it's not going through? @115888",,,,,,,,,,
G015,"@SpotifyCares hi, my flatmates have suddenly been kicked out our Family account and I can't confirm their addresses :( what can we do? Thanks x",,,,,,,,,,
G016,"@SpotifyCares Hi, my account has been hacked and my email address changed. I now can't access my account at all. Help!",,,,,,,,,,
G017,@SpotifyCares Any promotions for someone who wants to sign up to Premium?,,,,,,,,,,
G018,@115888 hej Spotify kan ni vara snälla att svara på mitt mail. Någon jävla snorunge har hackat mitt familjekonto nu på morgonen...,,,,,,,,,,
G019,Stop airing my dm @SpotifyCares,,,,,,,,,,
G020,@SpotifyCares My credit card is being used to charge a monthly subscription with out my permission. Please contact me ASAP! this is fraud!,,,,,,,,,,
G021,@SpotifyCares is there anyway you could help me by telling me the email of the spotify account that my credit card pays to? i have a few dead accounts and i cant find my right account after deleting and redownloading,,,,,,,,,,
G022,@SpotifyCares I want to transfer all my music/playlists/etc to a new account I want to make. How can you guys help me?,,,,,,,,,,
G023,"Ok, so I haven't been able to log into Spotify in the Spotify app on my imac since September. It works on my macbook, it works on my phone and up until two hours ago it worked on my imac in-browser. https://t.co/nzLZXHyka8",,,,,,,,,,
G024,@115888 hi 👋🏻 my subscription is gone back to free but the payments are still being taken. Would you mind checking? username is ciara_0802,,,,,,,,,,
G025,"@SpotifyCares You *REALLY* need to finally, actually, DO something about the 10,000 song limit in users' libraries. Especially for a service that prides itself on helping discovery of new tracks.",,,,,,,,,,
G026,Hi @SpotifyCares I’m trying to link my Spotify premium account with the ps4 service but it fails : ‘Spotify already linked ...’ - could you  help me please ?,,,,,,,,,,
G027,"@SpotifyCares If Spotify really cares, SheerID should be useable for Turkish students. I can not verify my student status via SheerID because they just accept american schools. What is this?",,,,,,,,,,
G028,"@115888 Hi Spotify, how do I avoid repetition? I choose my favorite band to listen to and I'll hear the same song 3 times in an hour. Is there a work around?",,,,,,,,,,
G029,@SpotifyCares I sent a support request on 18/11 and haven’t heard back yet. Can someone help me with Case # 09953623 please?,,,,,,,,,,
G030,The absolute dumbest thing about the @115888 web player is the way they list the artists you follow. Why in gods name would you not put that in alphabetical order?,,,,,,,,,,
G031,"Jusko, all this time kulang lang pala ako ng piso para makapag-premium???? HAHAHAHA AKO KAYA AY TANGA?????",,,,,,,,,,
G032,@115888 also audiobooks in the same place of my podcasts would be great,,,,,,,,,,
G033,Is @115888 not working for anyone else? It won’t load on my iPad or phone.,,,,,,,,,,
G034,Hey yall @115888 @117168 @SpotifyCares @118062 @47529 @47530 @118061 @379972 when will reputation the latest Taylor Swift album be released on Spotify before the new year hopefully cause it's been almost a month and still nothing see below https://t.co/MJKhsFZtRh,,,,,,,,,,
G035,@115888 my account is being hacked - please help! https://t.co/7F8LyDc2w2,,,,,,,,,,
G036,"@SpotifyCares ""You are currently set to offline"" while trying to login, traveling internationally have thousand of songs downloaded, this is devestating, please advise if there is a fix ASAP",,,,,,,,,,
G037,"@SpotifyCares Hi. As of a few days ago, my Android Spotify app will no longer send music to my Sonos system. It shows the devices, selecting them does nothing. The Sonos app can send to Sonos.  I uninstalled and reinstalled both apps.",,,,,,,,,,
G038,@115888 how can i change my password,,,,,,,,,,
G039,"Message indicating unavailability of the service with a spelling failure on the name.
For half a second, I believed it was a phishing scam.

But, it's actually the webpage you'll see if you're not living/travelling in one of the countries where @115888 is available 😞 https://t.co/WufVFSP1eg",,,,,,,,,,
G040,Wish there was a way to like a song in my Discover Weekly and not have it automatically saved to my music @115888,,,,,,,,,,
G041,@SpotifyCares My paid account was hijacked. No response to ticket after two days. Would greatly appreciate a response so I can stop paying for some thief to use my subscription.,,,,,,,,,,
G042,"Hello @SpotifyCares , I have been trying several times to go premium for 0,99  euro. I would like to pay with my paypal buth  everytime I try i goes back to the page where you can choose how you like to pay. Can you help me? hope for a answer soon. Phara Peyskens",,,,,,,,,,
G043,Hi @SpotifyCares I think that N.E.R.D &amp; Rihanna’s ‘Lemon’ would be perfect on the “Today’s Top Hits” Playlist. Please can you add it on behalf of all the navy?,,,,,,,,,,
G044,The music I am currently listening to vs the ad that pops up during it https://t.co/pMN7aOpHoG,,,,,,,,,,
G045,"@SpotifyCares hi! please answer my DM, it's about a fake verified account with my name on it.",,,,,,,,,,
G046,"So, what kind of promotion  4 ur current members??  @115888 @6443  @6719",,,,,,,,,,
G047,@SpotifyCares will I be stuck with this stupid song and john west his face forever https://t.co/ydmS2jqIVF,,,,,,,,,,
G048,is spotify acting a fool for anyone else rn? artist pages and albums aren't loading 😩 @SpotifyCares https://t.co/I3w55TeyNS,,,,,,,,,,
G049,"@125633 hi, already several times I requested access to various artists on my label, but still I can't see them in my spotify for artists account. Can you please help me? It is with the name Sietse van Erve (at gmail with some dots) and info @ movingfurniturerecords . com",,,,,,,,,,
G050,Went to get @115888 premium back only for them to not take NUS card anymore 😭 back to Apple Music I go!,,,,,,,,,,
G051,"seriously @115888, help me. https://t.co/Yj9V1KOxKr",,,,,,,,,,
G052,"@115888 Hello guys, it's true about your launch in Romania?",,,,,,,,,,
G053,@118266 hallo min mau tanya dong mau upgrade ke premium pake operator indosar bisa?,,,,,,,,,,
G054,"@SpotifyCares I need help deleting a duplicate spotify artist account and merging ""Appears on"" to the new verified account @151631 can anyone help? #Lost",,,,,,,,,,
G055,@SpotifyCares Do you guys know about the player background bug in iOS yet? Here’s a quick video of it. https://t.co/JLYi0jVzKY,,,,,,,,,,
G056,"My first full month of @115888 premium and all my downloaded music has gone.

You're not selling this well so far.",,,,,,,,,,
G057,"@SpotifyCares Hallo, ich habe ein Problem mit dem Einloggen in meinem Account über Facebook.Jedes mal wenn ich mich einloggen will, kommt das der Benutzername oder Passwort ungültig ist. Ich habe das Passwort überprüft aber es ist immernoch gleich.",,,,,,,,,,
G058,@115888 yall app keeps downloading music on my data mw i have that feature disabled 🤔🤔,,,,,,,,,,
G059,GET IT THE FUCK TOGETHER https://t.co/WGw4teH95y,,,,,,,,,,
G060,"I deleted @115888, then I reset my phone before I realized that Spotify is down. And there’s nothing wrong with my phone. Phew.",,,,,,,,,,
G061,@SpotifyCares - I am being charged 2x on my @7276  for Spotify Premium... Globe Telecom CS said I have to take it to you to be corrected... help...,,,,,,,,,,
G062,"@115888 hi, received the 12 months for price of 10 offer via email, followed the link, but it states that I am not eligible. Can you please clarify?",,,,,,,,,,
G063,"I am trying to renew my premium using the new 3 months deal. It says the only ineligible people are those who canceled after 10/20/17, and I canceled well before that around August. Please fix this I would love to have premium @SpotifyCares",,,,,,,,,,
G064,@SpotifyCares is your site down or something ? i can't change my payment details ?,,,,,,,,,,
G065,"@SpotifyCares Just signed up for premium during the 99 cent/three month trial. However my username is not right. I know I need to close the account and basically start over, but can I do this while keeping the trial going? Thanks!",,,,,,,,,,
G066,@115888 any particular reason I keep getting “error” on my account?,,,,,,,,,,
G067,"@115888 You know what would be really useful? On android, being able to add a button to my home screen (Like you can add a route w/ google maps) that's basically ""play whatever is next in queue"". It's currently 3-4 button presses, and annoying UX.",,,,,,,,,,
G068,@115888 why tf can’t i look at the lyrics of songs like i can on Apple Music? Cmon now step it up,,,,,,,,,,
G069,@115888 why are y’all removing songs from my playlist. This is BS I’m paying for premium to have songs saved and y’all are removing them.,,,,,,,,,,
G070,I get so pissed every time I check @115888 and I don't see Taylor Swift's album 😡,,,,,,,,,,
G071,"Hi, when does your 6-month-free Spotify offer end with Fido? @SpotifyCares",,,,,,,,,,
G072,"@SpotifyCares can I not get Spotify premium with NUS student discount? It only directs me to UniDays which I don’t have, I only have NUS? Thanks",,,,,,,,,,
G073,@SpotifyCares how can i reset am account,,,,,,,,,,
G074,@115888 your search feature is down. Multiple reports from myself and friends. Can you advise eta for fix? I pay for your service.,,,,,,,,,,
G075,"Seriously fuck the @115888 android app for not having a setting to cap max disk space allowance.

Damn thing keeps eating my phone's entire drive. I have a massive data cap, please just let me stream.",,,,,,,,,,
G076,"Hi @115888!! My Release Radar suggestions have suddenly evolved into the ""Spanish Male Duos with Cowboy Hats"" official playlist! Um, any idea why? #Gracias https://t.co/Hi281Rt1yU",,,,,,,,,,
G077,@115888 Any chance of the Caribbean being able to use this lovely program?,,,,,,,,,,
G078,"@115888 good friends, great service, but you been charging me 9.99 when I’m a student how can we get this sorted ... I’ve overpaid several times",,,,,,,,,,
G079,@SpotifyCares what does a guy like me have to do to get my band on a pop punk Spotify playlist? 😇 https://t.co/A4qYi9iikY,,,,,,,,,,
G080,"@116130 hi, do you do UK armed forces discount codes like you do for students please? if not is it something you can look into providing as i think you should offer a monthly discount to forces also if you do students. thanks",,,,,,,,,,
G081,@115888 @SpotifyCares @116130 sort your app out! https://t.co/laXfo41scQ,,,,,,,,,,
G082,@115888 i'm trying to pay for the new $99 a year subscription deal with my card. Any reason why it's not working? Says there's an error.,,,,,,,,,,
G083,@SpotifyCares keep getting 404 error code then trying to log in been a few days now #sortitout,,,,,,,,,,
G084,"Hey @SpotifyCares the web player is not working at all despite clearing cache, cookies and other relevant stuff. Please fix it. :)",,,,,,,,,,
G085,@SpotifyCares I'm still having issues logging in with my Facebook account. It said a couple of times when I was logged in that they couldn't take payment,,,,,,,,,,
G086,add the pillows already you cowards @115888,,,,,,,,,,
G087,I guess Spotify is classed as a threat now? @SpotifyCares (Avast Anti-Virus) https://t.co/AgpusW6h0V,,,,,,,,,,
G088,@SpotifyCares Subscriber since 2012. I was just on chat system regarding reference 4295899920 relating to unauthorized access to my account. 2nd time in 1 week. Was disconnected from chat and now cannot finish the migration of all my content from old to new account.,,,,,,,,,,
G089,@115888 Your web player fucking blows.,,,,,,,,,,
G090,@SpotifyCares so why didn’t you guys tell me when my Student premium was running out so that I could “reverify”? Why did you just go straight to charging me more?,,,,,,,,,,
G091,@SpotifyCares won't send me a link to reset my password when I try? I need help https://t.co/RTG7CfHPEL,,,,,,,,,,
G092,"@SpotifyCares I'm writing an in-depth article on the Christmas music industry, and I was wondering if you would be able to provide me with some numbers/stats about the number of American retailers with Spotify for Business accounts? Thank you!",,,,,,,,,,
G093,Hey @115888 your https://t.co/r1yu6QV1fe password reset page returns 404),,,,,,,,,,
G094,"Hey @125633, just looking through my analytics. What falls under ""All Other Sources""?",,,,,,,,,,
G095,"Hey Spotify, I want to buy a gift subscription for my nephew, but nothing goes through -- can you help?? @SpotifyCares",,,,,,,,,,
G096,@115888 any plans to let users play on multiple devices? I would love to be able to play on my computer and my @5525 at the same time. The tech is there but seems like I’m limited🤔 https://t.co/ZjMRp2v5ia,,,,,,,,,,
G097,@SpotifyCares can you fix my account please it's not letting me log in through Facebook,,,,,,,,,,
G098,@SpotifyCares plz help me I have a long drive,,,,,,,,,,
G099,"@SpotifyCares @117153 @115888 why don't the music we save get saved either in the order we save them or by the album release date? And also, why make the whole album visible when we enter and artist? 😓😧",,,,,,,,,,
G100,"@117153 can't login with my premium account on android system, says that experiencing problem",,,,,,,,,,
G101,@125633 Hey! Just sent a request to get access to my artist page. Did it once before but didn't get a reply. Could you tell me if that's normal?,,,,,,,,,,
G102,"Could you possibly make our ""recent searches"" twice as long? Would be awesome... @115888",,,,,,,,,,
G103,"@SpotifyCares okkk, so you guys charged me last night but never made my account premium again. What gives?",,,,,,,,,,
G104,@SpotifyCares Is there ANY way I can block or remove someone from following me?,,,,,,,,,,
G105,@SpotifyCares hey spotify! Why i cant register to premium spotify (9pesosx3mos.) using my prepaid load?,,,,,,,,,,
G106,"@SpotifyCares I keep accidentally removing music because I hit the check mark on mistake and with 350 songs I'll never know what one I removed. Could you make a second prompt to ask ""are you sure you want to remove ___ song"" it would help. A lot.",,,,,,,,,,
G107,go home @115888 you're drunk https://t.co/jRsTNGDuqB,,,,,,,,,,
G108,@SpotifyCares what's it take to get something like BPM added? https://t.co/K5aHV4Kdnu,,,,,,,,,,
G109,I'm going to stop our @115888 family subscription because of the absolute garbage that Discover Weekly has turned into without offering the option of a reset of that list.,,,,,,,,,,
G110,"@115888 @SpotifyCares , please add all of vixx @113977 music to Spotify!! Thanks !",,,,,,,,,,
G111,Spotify removed like half of my music from my downloads and I’m so mad i never wanna listen to music ever again wow. @115888 fuck off.,,,,,,,,,,
G112,Still rattled that Spotify don't have Willow - Jimi 🙂 do better @115888,,,,,,,,,,
G113,@SpotifyCares I got charged 10 dollars and I have a student account. I have not received a an email to reset my password after multiple attempts.,,,,,,,,,,
G114,@SpotifyCares hey my Spotify isn’t working,,,,,,,,,,
G115,@117153 I have had premium at least for 5 years - no I lost it ? But I am still paying for it. I would like to get it back. Please help me,,,,,,,,,,
G116,"@SpotifyCares I want to upgrade to premium but every time I try to pay via my paypal, the page just cycles back to the premium offers.... HELP",,,,,,,,,,
G117,@115888 you over charged me for my student account and now I can’t log in. 😒,,,,,,,,,,
G118,@115888 @117168  @SpotifyCares Why can't Family Plan subscribers pay a year in advance and save like normal premium subscribers??,,,,,,,,,,
G119,"@SpotifyCares When I try to update my CC, the process won't complete (I get the loading gif forever). For context, the name on the new CC is different than mine. Any suggestions?",,,,,,,,,,
G120,♥️😍 what kind of feature is this @SpotifyCares? Looks so good to watch instead of listening to it. https://t.co/kfbz03DNlf,,,,,,,,,,
G121,@115888 @SpotifyCares answer my dm because I’m not about to play with y’all 😂,,,,,,,,,,
G122,"@SpotifyCares Hi, I've just made an account and it has asked me if I want to sign up for Premium at £0.99 for 3 months. I tried to pay it through PayPal and the page kept just refreshing and now it's saying I already have used my trial?",,,,,,,,,,
G123,what's going on with spotify???????????????????????????? @115888,,,,,,,,,,
G124,"@115888 Hi, I signed up through UNiDAYS but I was still charged £9.99, why is this?",,,,,,,,,,
G125,"@SpotifyCares Spotify isn't working for me. It's not allowing music to play. It keeps saying ""The song is not available. If you have the file on your computer you can import it"" with any song I click.",,,,,,,,,,
G126,"@117153 Hi there. I'm being charged for Premium Spotify, but my account is not showing anything so i can't cancel. I tried my other emails and they're not showing any Spotify associated with them. My account is __email__",,,,,,,,,,
G127,"Trying to link @115888 to my @158307 account. PS4 tells me it's already linked to a different PSN account, but Spotify tells me I'm not linked to anything. 🤔🤔

Halp, @SpotifyCares?",,,,,,,,,,
G128,Is anyone else having trouble searching for things on @115888,,,,,,,,,,
G129,@115888 why have you charged me £14.99 on the 18th of November as I upgraded my subscription and @118101 why have you then charged me £9.99 on the 26th of November for a standard premium spotify account. @118101 SORT OUT A REFUND ASAP!!!!,,,,,,,,,,
G130,"@115888 just noticed the new like/dont like actions on my discover weekly, but cant find any info on what they do/where they go? Bringing back stars (please oh please) or more like radio thumbs up/down for learning?",,,,,,,,,,
G131,@SpotifyCares Why is @57554’s version of “Can We Still Be Friends” not available on @115888?,,,,,,,,,,
G132,@8490 hi. My account was hacked and I've sent a mail to your support team on Wednesday. No response yet and locked out of account still. Any update?,,,,,,,,,,
G133,@SpotifyCares I want to pay through the network(Thailand) and no promotion 3 months ฿13 https://t.co/GBGqmLlGB2,,,,,,,,,,
G134,App is giving error 😫 i tried everything btw @SpotifyCares,,,,,,,,,,
G135,@SpotifyCares need to speak to someone about a payment query. Have spent 30 minutes trying to find an email address or message on FB as I don't use twitter. But to no avail. Help?,,,,,,,,,,
G136,@SpotifyCares about once a week my spotify deletes all downloaded music. Is this a known bug or something I'm doing wrong? It's obviously very frustrating...,,,,,,,,,,
G137,@SpotifyCares #Android #app still broken. Can't  reorder #songs in #playlist .. #Spotify @115888 @117168,,,,,,,,,,
G138,@SpotifyCares answer em dm's,,,,,,,,,,
G139,"@117153 bonjour, cela fait 4 mois que je paye pour mon compte premium mais qu’il n’est pas activé merci de régler le problème",,,,,,,,,,
G140,@115888 if you could stop deleting my music it’d be greatly appreciated.,,,,,,,,,,
G141,@115888 BRING SPOTIFY TO SAUDI ARABIA PULLEEAAHHSSEEE 😪😪😪💔💔💔💔🇸🇦,,,,,,,,,,
G142,@115888 Any update on the windows 7 update bug? I miss my playlists :[,,,,,,,,,,
G143,@117168 Yodel! I'm an artist. How do I submit my songs already on #Spotify to be part of #DiscoverWeekly?,,,,,,,,,,
G144,Dear @115888 can you please fix your app,,,,,,,,,,
G145,"dear @117168, 

my survival depends on access to your music library. please fix your shit ASAP. 

love, 
troll  
CC: @SpotifyCares",,,,,,,,,,
G146,@115888 when is the hi-fi tier coming?,,,,,,,,,,
G147,I like how @115888 has been charging me $10.81 for the past months when I’m not even using it?? https://t.co/lYlBgcvC1M,,,,,,,,,,
G148,@SpotifyCares hello about the 9 pesos promo sa spotify bakit 129 lumalabas sakin 😭😭😭 #MissUniverse #Philippines,,,,,,,,,,
G149,@SpotifyCares PLEASE can you help me bcos I just found out im paying for an account I don't know the email address/username/password. Been paying since last september pls helpppppppp,,,,,,,,,,
G150,@SpotifyCares i cant search anything even though im connected to wifi,,,,,,,,,,
G151,@SpotifyCares I was charged for a regular subpriction when I have a student one. How can this get fixed?,,,,,,,,,,
G152,@SpotifyCares I got charged twice and my account still hasn't been updated to premium. What should I do? https://t.co/vy07Up2la5,,,,,,,,,,
G153,"@SpotifyCares I want update my payment, but it takes never ending white screen loading. Re-installed or clear data isn't solve problem https://t.co/qtSn1PtNAm",,,,,,,,,,
G154,"Spotify does not recognize my email / username any more I have the premium account you are taking money and I am getting no service! username rrsbullseye
email __email__
@SpotifyCares",,,,,,,,,,
G155,@SpotifyCares is the best support I've ever interacted with 👌,,,,,,,,,,
G156,"@SpotifyCares I've been having major issues trying to login to my account using the desktop app, i keep getting error 404, im not using facebook to login, please #Help my device is a windows 10 laptop! Spotify still works on other devices this has been over 24hrs now!",,,,,,,,,,
G157,@SpotifyCares my student discount has been taken off my account and I have been charged £14.99 this month. Please help I’m still a student 😩,,,,,,,,,,
G158,"@SpotifyCares Do you really? Why is there no Disconnect from Facebook button, why do we need to 'log a ticket'. Good luck with GDPR.",,,,,,,,,,
G159,"Hi @115888, please bring back lyrics on the desktop app and allow us to download and use them offline in all platforms. Thanks and much love! #spotify",,,,,,,,,,
G160,@115888 WHERE IS #REPUTATION???,,,,,,,,,,
G161,@SpotifyCares I need your help!,,,,,,,,,,
G162,@SpotifyCares - any chance you can help? I didn't realise how much I rely on Spotify until I didn't have it any more :( https://t.co/hT2JJxSEsH,,,,,,,,,,
G163,Hey @115888 what about my @123765 zen? https://t.co/Vfsw9zKPgQ,,,,,,,,,,
G164,hey @115888 i'm trying to log into my spotify account but i keep getting this garbage https://t.co/REORBWQJEE,,,,,,,,,,
G165,@SpotifyCares just booted off my family plan for some reason this morning. I have resent invite multiple times. It says oops try again.,,,,,,,,,,
G166,Help plsss... Pano to???? @115888  @34831  @15993  @34832 https://t.co/UhVbvkcyqV,,,,,,,,,,
G167,"Okay, something strange is going on.  This song, Triohatala, by Stimmhorn has appeared on one of my @115888 playlists. I have not heard this song in like 6 years.  Who added it?  The list is not shared! https://t.co/5tZXj3tWqN #Damnedclowns",,,,,,,,,,
G168,@SpotifyCares I think I got my account hacked,,,,,,,,,,
G169,@115888 @115888 having problems with updating of most listened artists on profiles? Mine has been the same for months,,,,,,,,,,
G170,@SpotifyCares I'm a little confused about the status of my account - I have sent a DM if you could help please?,,,,,,,,,,
G171,@SpotifyCares I think it might be time for some new threads. Any chance you have a #Spotify shirt for me? https://t.co/MWJ8FccW1Y,,,,,,,,,,
G172,@115888 Hi Spotify can I sort a playlist by most recently added when using the iOS app?  If not could you add that pls?,,,,,,,,,,
G173,@117153 Why is the search function not working properly. It is just spinning when I try to search for artists? It is very annoying. With gratitude for help.,,,,,,,,,,
G174,@115888 @SpotifyCares I have my student account with y’all but it charged me $10 this time instead of the discount,,,,,,,,,,
G175,@SpotifyCares hey /RS 😂✌️🤪,,,,,,,,,,
G176,@SpotifyCares I can not reset my password,,,,,,,,,,
G177,@SpotifyCares I keep getting notifications on my phone when I listen to Spotify on my TV. I have turned notifications off but I still get them. How do I stop this?,,,,,,,,,,
G178,It's Doing while connected to wifi :( https://t.co/45iXZ7Wris,,,,,,,,,,
G179,"@SpotifyCares This guy named Young Summit re-posted @23568's song ""Right Now"" and changed it to ""Summit World"". 

Josh A's song was made in 2015 and the re-post was on November 10th of this year.

Please fix this. https://t.co/iIxfY4JV6g",,,,,,,,,,
G180,@115888 your app won't let me update my payment info so I can't pay for my premium or listen to any music,,,,,,,,,,
G181,"Hey @115888 , what’s up with the app? https://t.co/otF3vfxxzb",,,,,,,,,,
G182,@115888 is the only app in my phone that isn’t working right now and all I wanna do is listen to some @40538,,,,,,,,,,
G183,Really impressed with @117168 's costomer service. I didn't think my account issue was fixable. Thank you!,,,,,,,,,,
G184,@SpotifyCares I want to become an artist on spotify for others to hopefully enjoy listening to me rap and sing. I cannot figure out how to do so can you please help me,,,,,,,,,,
G185,Sooooo… why can’t I find the Eagles’ Christmas song on any Christmas playlists? @115888,,,,,,,,,,
G186,@SpotifyCares I need help with my family account. My wife can't login with the email invite I sent.,,,,,,,,,,
G187,My Spotify isn’t working please help @SpotifyCares what am I supposed to do now,,,,,,,,,,
G188,@SpotifyCares Why are you playing more suggested songs than actual songs from this fuckin album.,,,,,,,,,,
G189,"@SpotifyCares  I tried to listen to music and play a game on my phone. 4 times the music randomly stopped. I tried to read an article, again the music stopped. I tried to read reddit; stopped again. Why the fuck would I pay for such shitty service? How do you stay in business?",,,,,,,,,,
G190,@SpotifyCares how do I view the full featured artists instead of seeing the dots? When the song is playing it doesn’t even list the features https://t.co/cNkHFMl1KV,,,,,,,,,,
G191,I WISH IT WAS THIS SIMPLE @115888 https://t.co/bX4I2So0TK,,,,,,,,,,
G192,"@SpotifyCares Having some playback issues. Web player and app both won't play ""in album"" on my laptop. Clicking same song on artist front page works, but not in album itself. Any suggestions?",,,,,,,,,,
G193,@SpotifyCares I just went to pay for premium using PayPal and the page bugged out. Don't wanna attempt again in case I get charged twice. Any help?,,,,,,,,,,
G194,@115888 Can you please stop making the app more frustrating and harder to use. #annoyed,,,,,,,,,,
G195,@115888 ar your planning to make your service available in Romania soon?,,,,,,,,,,
G196,@115888 please add Rise and Fall - Into Oblivion,,,,,,,,,,
G197,"@115888 do I really need to delete my whole offline libary to be able to log-in in the Android app? Otherwise it says ""Please go online"", even tho there's no UI for that on the login screen. 😠",,,,,,,,,,
G198,"@SpotifyCares the Spotify app is telling me “an error occurred, please try again” my internet connection is fine and I have the most recent version of the app-also tried restarting phone, logging out &amp; deleting/reinstalling app",,,,,,,,,,
G199,@115888 y’all need to add RBD’s albums again😤 I am TIRED https://t.co/Nu1mPz8Oia,,,,,,,,,,
G200,@SpotifyCares hi can you help me. I've forgotten my email and password to an account which is still being charged £10 a month. I used paypal to pay for it in August and I have recently been reminded about the payments,,,,,,,,,,
