id,route,source,template_id,reply,n_evidence,guardrails_passed,guardrails_failed,cached
G001,handoff,template,HANDOFF-02-ambiguous,Thanks for getting in touch — we'd like to make sure we understand before we advise anything. Please send us a DM with a bit more detail and our team will help.,0,True,,
G002,handoff_fallback,template,HANDOFF-02-ambiguous,Thanks for getting in touch — we'd like to make sure we understand before we advise anything. Please send us a DM with a bit more detail and our team will help.,3,False,no_url,True
G003,handoff_fallback,template,HANDOFF-02-ambiguous,Thanks for getting in touch — we'd like to make sure we understand before we advise anything. Please send us a DM with a bit more detail and our team will help.,3,False,no_invented_number,True
G004,handoff,template,HANDOFF-02-ambiguous,Thanks for getting in touch — we'd like to make sure we understand before we advise anything. Please send us a DM with a bit more detail and our team will help.,0,True,,
G005,handoff,template,HANDOFF-02-ambiguous,Thanks for getting in touch — we'd like to make sure we understand before we advise anything. Please send us a DM with a bit more detail and our team will help.,0,True,,
G006,auto_reply,llm_draft,,Hey! Upgrading to a Family plan is a bit more involved. Can you DM us with your email address or username so we can assist you further?,3,True,,True
G007,handoff,template,HANDOFF-08-payment_dispute,"Sorry for the trouble. Anything involving charges or refunds has to be looked at on your account directly, so please send us a DM and our team will take it from there.",0,True,,
G008,handoff_fallback,template,HANDOFF-02-ambiguous,Thanks for getting in touch — we'd like to make sure we understand before we advise anything. Please send us a DM with a bit more detail and our team will help.,3,False,no_customer_text_echoed,True
G009,handoff,template,HANDOFF-02-ambiguous,Thanks for getting in touch — we'd like to make sure we understand before we advise anything. Please send us a DM with a bit more detail and our team will help.,0,True,,
G010,auto_reply,llm_draft,,"""@115888 Sorry to hear that our premium code policy isn't meeting your expectations. Can you send us a DM with your account details so we can review your situation? We'll do our best to help.""",3,True,,True
G011,handoff,template,HANDOFF-02-ambiguous,Thanks for getting in touch — we'd like to make sure we understand before we advise anything. Please send us a DM with a bit more detail and our team will help.,0,True,,
G012,handoff,template,HANDOFF-01-account_access,Thanks for flagging this — account access issues need to be handled privately and securely. Please send us a DM and a member of our team will pick this up with you there.,0,True,,
G013,handoff,template,HANDOFF-05-high_frustration,We're sorry this has been frustrating. We'd like to get it properly sorted rather than trade messages here — please send us a DM and our team will help.,0,True,,
G014,handoff,template,HANDOFF-02-ambiguous,Thanks for getting in touch — we'd like to make sure we understand before we advise anything. Please send us a DM with a bit more detail and our team will help.,0,True,,
G015,handoff,template,HANDOFF-02-ambiguous,Thanks for getting in touch — we'd like to make sure we understand before we advise anything. Please send us a DM with a bit more detail and our team will help.,0,True,,
G016,handoff,template,HANDOFF-11-security,Thanks for letting us know — we take this seriously and it needs to be handled privately. Please send us a DM so our team can look into it with you.,0,True,,
G017,handoff,template,HANDOFF-02-ambiguous,Thanks for getting in touch — we'd like to make sure we understand before we advise anything. Please send us a DM with a bit more detail and our team will help.,0,True,,
G018,handoff,template,HANDOFF-02-ambiguous,Thanks for getting in touch — we'd like to make sure we understand before we advise anything. Please send us a DM with a bit more detail and our team will help.,0,True,,
G019,handoff,template,HANDOFF-02-ambiguous,Thanks for getting in touch — we'd like to make sure we understand before we advise anything. Please send us a DM with a bit more detail and our team will help.,0,True,,
G020,handoff,template,HANDOFF-11-security,Thanks for letting us know — we take this seriously and it needs to be handled privately. Please send us a DM so our team can look into it with you.,0,True,,
G021,handoff,template,HANDOFF-02-ambiguous,Thanks for getting in touch — we'd like to make sure we understand before we advise anything. Please send us a DM with a bit more detail and our team will help.,0,True,,
G022,handoff,template,HANDOFF-02-ambiguous,Thanks for getting in touch — we'd like to make sure we understand before we advise anything. Please send us a DM with a bit more detail and our team will help.,0,True,,
G023,handoff,template,HANDOFF-02-ambiguous,Thanks for getting in touch — we'd like to make sure we understand before we advise anything. Please send us a DM with a bit more detail and our team will help.,0,True,,
G024,handoff,template,HANDOFF-02-ambiguous,Thanks for getting in touch — we'd like to make sure we understand before we advise anything. Please send us a DM with a bit more detail and our team will help.,0,True,,
G025,handoff,template,HANDOFF-02-ambiguous,Thanks for getting in touch — we'd like to make sure we understand before we advise anything. Please send us a DM with a bit more detail and our team will help.,0,True,,
G026,handoff,template,HANDOFF-02-ambiguous,Thanks for getting in touch — we'd like to make sure we understand before we advise anything. Please send us a DM with a bit more detail and our team will help.,0,True,,
G027,handoff,template,HANDOFF-02-ambiguous,Thanks for getting in touch — we'd like to make sure we understand before we advise anything. Please send us a DM with a bit more detail and our team will help.,0,True,,
G028,auto_reply,llm_draft,,"@115888 Hey! Try using the ""Repeat"" option to switch off repetition. You can also use the ""Shuffle"" option to mix up the playlist.",3,True,,True
G029,handoff,template,HANDOFF-02-ambiguous,Thanks for getting in touch — we'd like to make sure we understand before we advise anything. Please send us a DM with a bit more detail and our team will help.,0,True,,
G030,auto_reply,llm_draft,,@115888 Hey! We're here to help. Can you tell us more about the issue with artist ordering? Is it just on the web player or also on mobile?,3,True,,True
G031,handoff,template,HANDOFF-02-ambiguous,Thanks for getting in touch — we'd like to make sure we understand before we advise anything. Please send us a DM with a bit more detail and our team will help.,0,True,,
G032,auto_reply,llm_draft,,@115888 We've noted your feedback! We'll pass it on to the team to consider for future updates.,3,True,,True
G033,handoff,template,HANDOFF-02-ambiguous,Thanks for getting in touch — we'd like to make sure we understand before we advise anything. Please send us a DM with a bit more detail and our team will help.,0,True,,
G034,auto_reply,llm_draft,,"""Hey y'all, we're sorry you're waiting for Reputation by Taylor Swift. We can't share a release date yet, but we'll have it available as soon as it's available to us. DM us for updates""",3,True,,True
G035,handoff,template,HANDOFF-11-security,Thanks for letting us know — we take this seriously and it needs to be handled privately. Please send us a DM so our team can look into it with you.,0,True,,
G036,auto_reply,llm_draft,,"@SpotifyCares Sorry to hear that you're experiencing issues with offline mode while traveling. Can you please DM us with your device's make/model, operating system, and Spotify version so we can try to help you out?",3,True,,True
G037,auto_reply,llm_draft,,"@SpotifyCares Hey, help's here! Can you tell us what Android version and Spotify version you're using with Sonos? We'll check backstage",3,True,,True
G038,handoff,template,HANDOFF-01-account_access,Thanks for flagging this — account access issues need to be handled privately and securely. Please send us a DM and a member of our team will pick this up with you there.,0,True,,
G039,handoff,template,HANDOFF-11-security,Thanks for letting us know — we take this seriously and it needs to be handled privately. Please send us a DM so our team can look into it with you.,0,True,,
G040,auto_reply,llm_draft,,"@username We're glad you love Discover Weekly! Unfortunately, we can't change the auto-save feature. You can, however, manually add songs to your playlist and then save them separately. /DF",3,True,,True
G041,handoff,template,HANDOFF-04-failed_self_service,Sorry the usual steps haven't sorted this. Let's take a closer look at your account — please send us a DM and our team will continue with you there.,0,True,,
G042,handoff,template,HANDOFF-02-ambiguous,Thanks for getting in touch — we'd like to make sure we understand before we advise anything. Please send us a DM with a bit more detail and our team will help.,0,True,,
G043,auto_reply,llm_draft,,"@SpotifyCares Hey! Our Curation team are independent &amp; use taste, data, research, and trends to create playlists, but we’ll pass on your suggestion /TB",3,True,,True
G044,handoff,template,HANDOFF-02-ambiguous,Thanks for getting in touch — we'd like to make sure we understand before we advise anything. Please send us a DM with a bit more detail and our team will help.,0,True,,
G045,handoff,template,HANDOFF-03-existing_case,Thanks for chasing this up. We'll pick it up in your existing conversation with us — please check your DMs and reply there.,0,True,,
G046,handoff,template,HANDOFF-02-ambiguous,Thanks for getting in touch — we'd like to make sure we understand before we advise anything. Please send us a DM with a bit more detail and our team will help.,0,True,,
G047,handoff,template,HANDOFF-02-ambiguous,Thanks for getting in touch — we'd like to make sure we understand before we advise anything. Please send us a DM with a bit more detail and our team will help.,0,True,,
G048,handoff,template,HANDOFF-02-ambiguous,Thanks for getting in touch — we'd like to make sure we understand before we advise anything. Please send us a DM with a bit more detail and our team will help.,0,True,,
G049,handoff,template,HANDOFF-07-out_of_scope,"Thanks for reaching out. This isn't something this channel can resolve, so please send us a DM and we'll point you to the right team.",0,True,,
G050,handoff,template,HANDOFF-02-ambiguous,Thanks for getting in touch — we'd like to make sure we understand before we advise anything. Please send us a DM with a bit more detail and our team will help.,0,True,,
G051,handoff,template,HANDOFF-02-ambiguous,Thanks for getting in touch — we'd like to make sure we understand before we advise anything. Please send us a DM with a bit more detail and our team will help.,0,True,,
G052,handoff,template,HANDOFF-02-ambiguous,Thanks for getting in touch — we'd like to make sure we understand before we advise anything. Please send us a DM with a bit more detail and our team will help.,0,True,,
G053,handoff,template,HANDOFF-02-ambiguous,Thanks for getting in touch — we'd like to make sure we understand before we advise anything. Please send us a DM with a bit more detail and our team will help.,0,True,,
G054,handoff,template,HANDOFF-02-ambiguous,Thanks for getting in touch — we'd like to make sure we understand before we advise anything. Please send us a DM with a bit more detail and our team will help.,0,True,,
G055,handoff_fallback,template,HANDOFF-02-ambiguous,Thanks for getting in touch — we'd like to make sure we understand before we advise anything. Please send us a DM with a bit more detail and our team will help.,3,False,no_customer_text_echoed,True
G056,auto_reply,llm_draft,,"@115888 Hey, sorry to hear that! Can you DM us your account's username or email address? We'll check on the issue.",3,True,,True
G057,handoff,template,HANDOFF-02-ambiguous,Thanks for getting in touch — we'd like to make sure we understand before we advise anything. Please send us a DM with a bit more detail and our team will help.,0,True,,
G058,auto_reply,llm_draft,,"@115888 We're sorry to hear that music is still downloading on your data despite having the feature disabled. Can you tell us more about your device, OS, and app version?",3,True,,True
G059,handoff,template,HANDOFF-05-high_frustration,We're sorry this has been frustrating. We'd like to get it properly sorted rather than trade messages here — please send us a DM and our team will help.,0,True,,
G060,handoff,template,HANDOFF-02-ambiguous,Thanks for getting in touch — we'd like to make sure we understand before we advise anything. Please send us a DM with a bit more detail and our team will help.,0,True,,
G061,handoff,template,HANDOFF-08-payment_dispute,"Sorry for the trouble. Anything involving charges or refunds has to be looked at on your account directly, so please send us a DM and our team will take it from there.",0,True,,
G062,auto_reply,llm_draft,,@115888 Hey! Can you tell us more about the email you received? What's the exact message saying you're not eligible? We'll look into it /GS,3,True,,True
G063,auto_reply,llm_draft,,@SpotifyCares Hey! Can you DM us your account's email address and username? We'll take a look at your renewal issue /MQ,3,True,,True
G064,handoff,template,HANDOFF-02-ambiguous,Thanks for getting in touch — we'd like to make sure we understand before we advise anything. Please send us a DM with a bit more detail and our team will help.,0,True,,
G065,handoff,template,HANDOFF-08-payment_dispute,"Sorry for the trouble. Anything involving charges or refunds has to be looked at on your account directly, so please send us a DM and our team will take it from there.",0,True,,
G066,handoff,template,HANDOFF-02-ambiguous,Thanks for getting in touch — we'd like to make sure we understand before we advise anything. Please send us a DM with a bit more detail and our team will help.,0,True,,
G067,auto_reply,llm_draft,,@115888 We're sorry to hear that the current navigation on Android is frustrating for you. We'll pass on your feedback to the team. Would you like to DM us for more info?,3,True,,True
G068,handoff,template,HANDOFF-02-ambiguous,Thanks for getting in touch — we'd like to make sure we understand before we advise anything. Please send us a DM with a bit more detail and our team will help.,0,True,,
G069,auto_reply,llm_draft,,"@115888 Sorry to hear that! Can you check your device, operating system, and Spotify version? We'll do our best to help /CB",3,True,,True
G070,handoff,template,HANDOFF-05-high_frustration,We're sorry this has been frustrating. We'd like to get it properly sorted rather than trade messages here — please send us a DM and our team will help.,0,True,,
G071,auto_reply,llm_draft,,"@Customer, our 6-month-free offer is tied to your FIDO account. Can you DM us your account's email address so we can check?",3,True,,True
G072,handoff_fallback,template,HANDOFF-02-ambiguous,Thanks for getting in touch — we'd like to make sure we understand before we advise anything. Please send us a DM with a bit more detail and our team will help.,3,False,no_url,True
G073,handoff,template,HANDOFF-01-account_access,Thanks for flagging this — account access issues need to be handled privately and securely. Please send us a DM and a member of our team will pick this up with you there.,0,True,,
G074,handoff,template,HANDOFF-02-ambiguous,Thanks for getting in touch — we'd like to make sure we understand before we advise anything. Please send us a DM with a bit more detail and our team will help.,0,True,,
G075,handoff_fallback,template,HANDOFF-02-ambiguous,Thanks for getting in touch — we'd like to make sure we understand before we advise anything. Please send us a DM with a bit more detail and our team will help.,3,False,no_customer_text_echoed,True
G076,auto_reply,llm_draft,,@115888 We're sorry to hear Release Radar has taken an unexpected turn! Can you DM us with more about what you're looking for? We'll do our best to get it back on track for you,3,True,,True
G077,handoff,template,HANDOFF-02-ambiguous,Thanks for getting in touch — we'd like to make sure we understand before we advise anything. Please send us a DM with a bit more detail and our team will help.,0,True,,
G078,handoff,template,HANDOFF-08-payment_dispute,"Sorry for the trouble. Anything involving charges or refunds has to be looked at on your account directly, so please send us a DM and our team will take it from there.",0,True,,
G079,handoff_fallback,template,HANDOFF-02-ambiguous,Thanks for getting in touch — we'd like to make sure we understand before we advise anything. Please send us a DM with a bit more detail and our team will help.,3,False,no_url,True
G080,handoff_fallback,template,HANDOFF-02-ambiguous,Thanks for getting in touch — we'd like to make sure we understand before we advise anything. Please send us a DM with a bit more detail and our team will help.,3,False,no_url,True
G081,auto_reply,llm_draft,,@115888 @SpotifyCares @116130 We're here to help! Can you tell us what's not working the way you want it to?,3,True,,True
G082,handoff,template,HANDOFF-02-ambiguous,Thanks for getting in touch — we'd like to make sure we understand before we advise anything. Please send us a DM with a bit more detail and our team will help.,0,True,,
G083,handoff,template,HANDOFF-01-account_access,Thanks for flagging this — account access issues need to be handled privately and securely. Please send us a DM and a member of our team will pick this up with you there.,0,True,,
G084,auto_reply,llm_draft,,"@SpotifyCares Hey, sorry to hear that! Can you tell us what browser and OS you're using? We'll do our best to help you get your web player up and running again.",3,True,,True
G085,handoff,template,HANDOFF-02-ambiguous,Thanks for getting in touch — we'd like to make sure we understand before we advise anything. Please send us a DM with a bit more detail and our team will help.,0,True,,
G086,auto_reply,llm_draft,,"""@115888 Sorry to hear you're frustrated. We can't add content that's not available due to licensing. If you'd like to see The Pillows on Spotify, we'd be happy to let our team know. Would you like to DM us for more info?""",3,True,,True
G087,handoff,template,HANDOFF-10-safety_abuse,Thank you for reporting this. It needs proper attention from our team rather than a reply here — please send us a DM so we can look into it.,0,True,,
G088,handoff,template,HANDOFF-04-failed_self_service,Sorry the usual steps haven't sorted this. Let's take a closer look at your account — please send us a DM and our team will continue with you there.,0,True,,
G089,auto_reply,llm_draft,,"@115888 Sorry to hear that our web player isn't meeting your expectations. Can you tell us which device, OS, and Spotify version you're using?",3,True,,True
G090,handoff,template,HANDOFF-08-payment_dispute,"Sorry for the trouble. Anything involving charges or refunds has to be looked at on your account directly, so please send us a DM and our team will take it from there.",0,True,,
G091,handoff,template,HANDOFF-01-account_access,Thanks for flagging this — account access issues need to be handled privately and securely. Please send us a DM and a member of our team will pick this up with you there.,0,True,,
G092,handoff,template,HANDOFF-02-ambiguous,Thanks for getting in touch — we'd like to make sure we understand before we advise anything. Please send us a DM with a bit more detail and our team will help.,0,True,,
G093,handoff,template,HANDOFF-01-account_access,Thanks for flagging this — account access issues need to be handled privately and securely. Please send us a DM and a member of our team will pick this up with you there.,0,True,,
G094,handoff,template,HANDOFF-02-ambiguous,Thanks for getting in touch — we'd like to make sure we understand before we advise anything. Please send us a DM with a bit more detail and our team will help.,0,True,,
G095,handoff,template,HANDOFF-02-ambiguous,Thanks for getting in touch — we'd like to make sure we understand before we advise anything. Please send us a DM with a bit more detail and our team will help.,0,True,,
G096,handoff_fallback,template,HANDOFF-02-ambiguous,Thanks for getting in touch — we'd like to make sure we understand before we advise anything. Please send us a DM with a bit more detail and our team will help.,3,False,no_url,True
G097,handoff,template,HANDOFF-01-account_access,Thanks for flagging this — account access issues need to be handled privately and securely. Please send us a DM and a member of our team will pick this up with you there.,0,True,,
G098,handoff,template,HANDOFF-02-ambiguous,Thanks for getting in touch — we'd like to make sure we understand before we advise anything. Please send us a DM with a bit more detail and our team will help.,0,True,,
G099,auto_reply,llm_draft,,"@117153 @115888 Hey! We're sorry to hear that. Our algorithm prioritizes visibility based on user engagement. We can't guarantee the order or release date of saved albums. If you have more feedback, feel free to DM us!",3,True,,True
G100,handoff,template,HANDOFF-01-account_access,Thanks for flagging this — account access issues need to be handled privately and securely. Please send us a DM and a member of our team will pick this up with you there.,0,True,,
G101,handoff,template,HANDOFF-02-ambiguous,Thanks for getting in touch — we'd like to make sure we understand before we advise anything. Please send us a DM with a bit more detail and our team will help.,0,True,,
G102,auto_reply,llm_draft,,"We're sorry to hear that! Unfortunately, we can't make changes to the recent searches feature. Would you like to discuss this further with us? DM us for more info!",3,True,,True
G103,handoff,template,HANDOFF-08-payment_dispute,"Sorry for the trouble. Anything involving charges or refunds has to be looked at on your account directly, so please send us a DM and our team will take it from there.",0,True,,
G104,handoff,template,HANDOFF-02-ambiguous,Thanks for getting in touch — we'd like to make sure we understand before we advise anything. Please send us a DM with a bit more detail and our team will help.,0,True,,
G105,auto_reply,llm_draft,,"@9pesosx3mos Hi, sorry you're having trouble registering for Premium. Can you DM us your prepaid load details & a screenshot of the error? We'll check it out /TY",3,True,,True
G106,auto_reply,llm_draft,,@SpotifyCares We're sorry you're experiencing this issue. Removing songs can be frustrating. We'll let our devs know about the idea of a second prompt to confirm removals.,3,True,,True
G107,handoff,template,HANDOFF-02-ambiguous,Thanks for getting in touch — we'd like to make sure we understand before we advise anything. Please send us a DM with a bit more detail and our team will help.,0,True,,
G108,handoff,template,HANDOFF-02-ambiguous,Thanks for getting in touch — we'd like to make sure we understand before we advise anything. Please send us a DM with a bit more detail and our team will help.,0,True,,
G109,handoff,template,HANDOFF-05-high_frustration,We're sorry this has been frustrating. We'd like to get it properly sorted rather than trade messages here — please send us a DM and our team will help.,0,True,,
G110,handoff_fallback,template,HANDOFF-02-ambiguous,Thanks for getting in touch — we'd like to make sure we understand before we advise anything. Please send us a DM with a bit more detail and our team will help.,3,False,no_url,True
G111,handoff_fallback,template,HANDOFF-02-ambiguous,Thanks for getting in touch — we'd like to make sure we understand before we advise anything. Please send us a DM with a bit more detail and our team will help.,3,False,no_url,True
G112,handoff,template,HANDOFF-02-ambiguous,Thanks for getting in touch — we'd like to make sure we understand before we advise anything. Please send us a DM with a bit more detail and our team will help.,0,True,,
G113,handoff,template,HANDOFF-01-account_access,Thanks for flagging this — account access issues need to be handled privately and securely. Please send us a DM and a member of our team will pick this up with you there.,0,True,,
G114,handoff,template,HANDOFF-02-ambiguous,Thanks for getting in touch — we'd like to make sure we understand before we advise anything. Please send us a DM with a bit more detail and our team will help.,0,True,,
G115,handoff,template,HANDOFF-02-ambiguous,Thanks for getting in touch — we'd like to make sure we understand before we advise anything. Please send us a DM with a bit more detail and our team will help.,0,True,,
G116,auto_reply,llm_draft,,@SpotifyCares Can you DM us your account's email address? We'll take a look at the issue with upgrading to Premium via PayPal.,3,True,,True
G117,handoff,template,HANDOFF-01-account_access,Thanks for flagging this — account access issues need to be handled privately and securely. Please send us a DM and a member of our team will pick this up with you there.,0,True,,
G118,handoff_fallback,template,HANDOFF-02-ambiguous,Thanks for getting in touch — we'd like to make sure we understand before we advise anything. Please send us a DM with a bit more detail and our team will help.,3,False,no_url,True
G119,handoff,template,HANDOFF-02-ambiguous,Thanks for getting in touch — we'd like to make sure we understand before we advise anything. Please send us a DM with a bit more detail and our team will help.,0,True,,
G120,handoff,template,HANDOFF-02-ambiguous,Thanks for getting in touch — we'd like to make sure we understand before we advise anything. Please send us a DM with a bit more detail and our team will help.,0,True,,
G121,handoff,template,HANDOFF-03-existing_case,Thanks for chasing this up. We'll pick it up in your existing conversation with us — please check your DMs and reply there.,0,True,,
G122,handoff,template,HANDOFF-08-payment_dispute,"Sorry for the trouble. Anything involving charges or refunds has to be looked at on your account directly, so please send us a DM and our team will take it from there.",0,True,,
G123,handoff,template,HANDOFF-02-ambiguous,Thanks for getting in touch — we'd like to make sure we understand before we advise anything. Please send us a DM with a bit more detail and our team will help.,0,True,,
G124,handoff,template,HANDOFF-08-payment_dispute,"Sorry for the trouble. Anything involving charges or refunds has to be looked at on your account directly, so please send us a DM and our team will take it from there.",0,True,,
G125,auto_reply,llm_draft,,"@SpotifyCares Sorry to hear that music isn't playing for you. Can you tell us what device, OS, and Spotify version you're using?",3,True,,True
G126,handoff,template,HANDOFF-08-payment_dispute,"Sorry for the trouble. Anything involving charges or refunds has to be looked at on your account directly, so please send us a DM and our team will take it from there.",0,True,,
G127,handoff,template,HANDOFF-02-ambiguous,Thanks for getting in touch — we'd like to make sure we understand before we advise anything. Please send us a DM with a bit more detail and our team will help.,0,True,,
G128,handoff,template,HANDOFF-02-ambiguous,Thanks for getting in touch — we'd like to make sure we understand before we advise anything. Please send us a DM with a bit more detail and our team will help.,0,True,,
G129,handoff,template,HANDOFF-08-payment_dispute,"Sorry for the trouble. Anything involving charges or refunds has to be looked at on your account directly, so please send us a DM and our team will take it from there.",0,True,,
G130,handoff,template,HANDOFF-02-ambiguous,Thanks for getting in touch — we'd like to make sure we understand before we advise anything. Please send us a DM with a bit more detail and our team will help.,0,True,,
G131,auto_reply,llm_draft,,"@57554 We're sorry to hear that @115888's version of ""Can We Still Be Friends"" is not available. Sometimes content gets removed due to licensing changes. We'll look into it. DM us for more info.",3,True,,True
G132,handoff,template,HANDOFF-11-security,Thanks for letting us know — we take this seriously and it needs to be handled privately. Please send us a DM so our team can look into it with you.,0,True,,
G133,handoff,template,HANDOFF-02-ambiguous,Thanks for getting in touch — we'd like to make sure we understand before we advise anything. Please send us a DM with a bit more detail and our team will help.,0,True,,
G134,auto_reply,llm_draft,,@115888 Sorry to hear that! Can you tell us more about the error you're seeing? What device are you using and what happens when you try to play music?,3,True,,True
G135,handoff,template,HANDOFF-02-ambiguous,Thanks for getting in touch — we'd like to make sure we understand before we advise anything. Please send us a DM with a bit more detail and our team will help.,0,True,,
G136,auto_reply,llm_draft,,@SpotifyCares Sorry to hear that your downloaded music is being deleted. We're looking into this issue. Your feedback has been noted and passed onto the team.,3,True,,True
G137,auto_reply,llm_draft,,"@115888 Hey there! Are you using the latest Spotify app version? Try updating and see if that resolves the issue. If not, DM us for further assistance.",3,True,,True
G138,handoff,template,HANDOFF-02-ambiguous,Thanks for getting in touch — we'd like to make sure we understand before we advise anything. Please send us a DM with a bit more detail and our team will help.,0,True,,
G139,handoff,template,HANDOFF-02-ambiguous,Thanks for getting in touch — we'd like to make sure we understand before we advise anything. Please send us a DM with a bit more detail and our team will help.,0,True,,
G140,handoff,template,HANDOFF-02-ambiguous,Thanks for getting in touch — we'd like to make sure we understand before we advise anything. Please send us a DM with a bit more detail and our team will help.,0,True,,
G141,handoff,template,HANDOFF-02-ambiguous,Thanks for getting in touch — we'd like to make sure we understand before we advise anything. Please send us a DM with a bit more detail and our team will help.,0,True,,
G142,auto_reply,llm_draft,,"@115888 Sorry to hear you're missing your playlists. Unfortunately, we can't help with Windows 7 update bugs. This issue is outside our control. Would you like to DM us for further assistance?",3,True,,True
G143,handoff,template,HANDOFF-02-ambiguous,Thanks for getting in touch — we'd like to make sure we understand before we advise anything. Please send us a DM with a bit more detail and our team will help.,0,True,,
G144,handoff,template,HANDOFF-02-ambiguous,Thanks for getting in touch — we'd like to make sure we understand before we advise anything. Please send us a DM with a bit more detail and our team will help.,0,True,,
G145,handoff,template,HANDOFF-05-high_frustration,We're sorry this has been frustrating. We'd like to get it properly sorted rather than trade messages here — please send us a DM and our team will help.,0,True,,
G146,handoff,template,HANDOFF-02-ambiguous,Thanks for getting in touch — we'd like to make sure we understand before we advise anything. Please send us a DM with a bit more detail and our team will help.,0,True,,
G147,handoff,template,HANDOFF-08-payment_dispute,"Sorry for the trouble. Anything involving charges or refunds has to be looked at on your account directly, so please send us a DM and our team will take it from there.",0,True,,
G148,handoff,template,HANDOFF-02-ambiguous,Thanks for getting in touch — we'd like to make sure we understand before we advise anything. Please send us a DM with a bit more detail and our team will help.,0,True,,
G149,handoff,template,HANDOFF-01-account_access,Thanks for flagging this — account access issues need to be handled privately and securely. Please send us a DM and a member of our team will pick this up with you there.,0,True,,
G150,handoff,template,HANDOFF-02-ambiguous,Thanks for getting in touch — we'd like to make sure we understand before we advise anything. Please send us a DM with a bit more detail and our team will help.,0,True,,
G151,handoff,template,HANDOFF-08-payment_dispute,"Sorry for the trouble. Anything involving charges or refunds has to be looked at on your account directly, so please send us a DM and our team will take it from there.",0,True,,
G152,handoff,template,HANDOFF-08-payment_dispute,"Sorry for the trouble. Anything involving charges or refunds has to be looked at on your account directly, so please send us a DM and our team will take it from there.",0,True,,
G153,handoff,template,HANDOFF-04-failed_self_service,Sorry the usual steps haven't sorted this. Let's take a closer look at your account — please send us a DM and our team will continue with you there.,0,True,,
G154,handoff,template,HANDOFF-02-ambiguous,Thanks for getting in touch — we'd like to make sure we understand before we advise anything. Please send us a DM with a bit more detail and our team will help.,0,True,,
G155,handoff,template,HANDOFF-02-ambiguous,Thanks for getting in touch — we'd like to make sure we understand before we advise anything. Please send us a DM with a bit more detail and our team will help.,0,True,,
G156,handoff,template,HANDOFF-01-account_access,Thanks for flagging this — account access issues need to be handled privately and securely. Please send us a DM and a member of our team will pick this up with you there.,0,True,,
G157,handoff,template,HANDOFF-08-payment_dispute,"Sorry for the trouble. Anything involving charges or refunds has to be looked at on your account directly, so please send us a DM and our team will take it from there.",0,True,,
G158,handoff,template,HANDOFF-06-legal_rights,Thanks for raising this. We're passing it to the right team rather than answering here. Please send us a DM so we can follow up with you properly.,0,True,,
G159,handoff_fallback,template,HANDOFF-02-ambiguous,Thanks for getting in touch — we'd like to make sure we understand before we advise anything. Please send us a DM with a bit more detail and our team will help.,3,False,no_url,True
G160,handoff,template,HANDOFF-02-ambiguous,Thanks for getting in touch — we'd like to make sure we understand before we advise anything. Please send us a DM with a bit more detail and our team will help.,0,True,,
G161,handoff,template,HANDOFF-02-ambiguous,Thanks for getting in touch — we'd like to make sure we understand before we advise anything. Please send us a DM with a bit more detail and our team will help.,0,True,,
G162,handoff,template,HANDOFF-02-ambiguous,Thanks for getting in touch — we'd like to make sure we understand before we advise anything. Please send us a DM with a bit more detail and our team will help.,0,True,,
G163,handoff,template,HANDOFF-02-ambiguous,Thanks for getting in touch — we'd like to make sure we understand before we advise anything. Please send us a DM with a bit more detail and our team will help.,0,True,,
G164,handoff,template,HANDOFF-05-high_frustration,We're sorry this has been frustrating. We'd like to get it properly sorted rather than trade messages here — please send us a DM and our team will help.,0,True,,
G165,auto_reply,llm_draft,,@SpotifyCares Can you DM us your account's username and email address? We'll check it out,3,True,,True
G166,handoff,template,HANDOFF-02-ambiguous,Thanks for getting in touch — we'd like to make sure we understand before we advise anything. Please send us a DM with a bit more detail and our team will help.,0,True,,
G167,handoff,template,HANDOFF-02-ambiguous,Thanks for getting in touch — we'd like to make sure we understand before we advise anything. Please send us a DM with a bit more detail and our team will help.,0,True,,
G168,handoff,template,HANDOFF-11-security,Thanks for letting us know — we take this seriously and it needs to be handled privately. Please send us a DM so our team can look into it with you.,0,True,,
G169,handoff,template,HANDOFF-02-ambiguous,Thanks for getting in touch — we'd like to make sure we understand before we advise anything. Please send us a DM with a bit more detail and our team will help.,0,True,,
G170,handoff,template,HANDOFF-03-existing_case,Thanks for chasing this up. We'll pick it up in your existing conversation with us — please check your DMs and reply there.,0,True,,
G171,handoff,template,HANDOFF-02-ambiguous,Thanks for getting in touch — we'd like to make sure we understand before we advise anything. Please send us a DM with a bit more detail and our team will help.,0,True,,
G172,handoff_fallback,template,HANDOFF-02-ambiguous,Thanks for getting in touch — we'd like to make sure we understand before we advise anything. Please send us a DM with a bit more detail and our team will help.,3,False,no_url,True
G173,handoff,template,HANDOFF-02-ambiguous,Thanks for getting in touch — we'd like to make sure we understand before we advise anything. Please send us a DM with a bit more detail and our team will help.,0,True,,
G174,handoff,template,HANDOFF-08-payment_dispute,"Sorry for the trouble. Anything involving charges or refunds has to be looked at on your account directly, so please send us a DM and our team will take it from there.",0,True,,
G175,handoff,template,HANDOFF-02-ambiguous,Thanks for getting in touch — we'd like to make sure we understand before we advise anything. Please send us a DM with a bit more detail and our team will help.,0,True,,
G176,handoff,template,HANDOFF-01-account_access,Thanks for flagging this — account access issues need to be handled privately and securely. Please send us a DM and a member of our team will pick this up with you there.,0,True,,
G177,auto_reply,llm_draft,,@SpotifyCares Notifications on your phone when listening to Spotify on TV are not supposed to happen. Can you try resetting your notification settings on your TV and phone?,3,True,,True
G178,handoff,template,HANDOFF-02-ambiguous,Thanks for getting in touch — we'd like to make sure we understand before we advise anything. Please send us a DM with a bit more detail and our team will help.,0,True,,
G179,handoff,template,HANDOFF-02-ambiguous,Thanks for getting in touch — we'd like to make sure we understand before we advise anything. Please send us a DM with a bit more detail and our team will help.,0,True,,
G180,auto_reply,llm_draft,,"@115888 Hey, help's here! Can you DM us your account's email address or username? We'll take a look.",3,True,,True
G181,auto_reply,llm_draft,,@115888 We're sorry to hear you're experiencing issues with the app. Can you DM us so we can help you further?,3,True,,True
G182,auto_reply,llm_draft,,@115888 Hey! Sorry to hear that Spotify isn't working for you. Can you tell us what device you're using and its OS?,3,True,,True
G183,handoff,template,HANDOFF-02-ambiguous,Thanks for getting in touch — we'd like to make sure we understand before we advise anything. Please send us a DM with a bit more detail and our team will help.,0,True,,
G184,handoff,template,HANDOFF-02-ambiguous,Thanks for getting in touch — we'd like to make sure we understand before we advise anything. Please send us a DM with a bit more detail and our team will help.,0,True,,
G185,auto_reply,llm_draft,,Hey! Can you check your Christmas playlists? Sometimes our algorithms take a bit to update /NS,3,True,,True
G186,handoff,template,HANDOFF-01-account_access,Thanks for flagging this — account access issues need to be handled privately and securely. Please send us a DM and a member of our team will pick this up with you there.,0,True,,
G187,handoff,template,HANDOFF-02-ambiguous,Thanks for getting in touch — we'd like to make sure we understand before we advise anything. Please send us a DM with a bit more detail and our team will help.,0,True,,
G188,auto_reply,llm_draft,,Hey! Suggested Tracks are part of our Free service. We suggest adding more artists into your playlists to lessen them.,3,True,,True
G189,auto_reply,llm_draft,,"@SpotifyCares Sorry to hear that music kept stopping while you tried to use your phone. Can you DM us with your account's username and email address, as well as your device/OS?",3,True,,True
G190,handoff,template,HANDOFF-02-ambiguous,Thanks for getting in touch — we'd like to make sure we understand before we advise anything. Please send us a DM with a bit more detail and our team will help.,0,True,,
G191,handoff,template,HANDOFF-02-ambiguous,Thanks for getting in touch — we'd like to make sure we understand before we advise anything. Please send us a DM with a bit more detail and our team will help.,0,True,,
G192,auto_reply,llm_draft,,@SpotifyCares Can you tell us which album is causing playback issues? Try clicking on the album in the web player & copy the album link to help us troubleshoot,3,True,,True
G193,handoff,template,HANDOFF-08-payment_dispute,"Sorry for the trouble. Anything involving charges or refunds has to be looked at on your account directly, so please send us a DM and our team will take it from there.",0,True,,
G194,handoff,template,HANDOFF-02-ambiguous,Thanks for getting in touch — we'd like to make sure we understand before we advise anything. Please send us a DM with a bit more detail and our team will help.,0,True,,
G195,handoff_fallback,template,HANDOFF-02-ambiguous,Thanks for getting in touch — we'd like to make sure we understand before we advise anything. Please send us a DM with a bit more detail and our team will help.,3,False,no_url,True
G196,handoff_fallback,template,HANDOFF-02-ambiguous,Thanks for getting in touch — we'd like to make sure we understand before we advise anything. Please send us a DM with a bit more detail and our team will help.,3,False,no_url,True
G197,handoff,template,HANDOFF-01-account_access,Thanks for flagging this — account access issues need to be handled privately and securely. Please send us a DM and a member of our team will pick this up with you there.,0,True,,
G198,auto_reply,llm_draft,,"@SpotifyCares Hi, that doesn't sound good. Could you DM us your email address? We'll take a look backstage",3,True,,True
G199,handoff,template,HANDOFF-02-ambiguous,Thanks for getting in touch — we'd like to make sure we understand before we advise anything. Please send us a DM with a bit more detail and our team will help.,0,True,,
G200,handoff,template,HANDOFF-08-payment_dispute,"Sorry for the trouble. Anything involving charges or refunds has to be looked at on your account directly, so please send us a DM and our team will take it from there.",0,True,,
