id,decision,score,reason
G001,ESCALATE,0.524934,ambiguous
G002,AUTO_OK,0.02692,
G003,AUTO_OK,0.328498,
G004,ESCALATE,0.564989,ambiguous
G005,ESCALATE,0.527309,ambiguous
G006,AUTO_OK,0.243138,
G007,ESCALATE,0.758747,payment_dispute
G008,AUTO_OK,0.33758,
G009,ESCALATE,0.530684,ambiguous
G010,AUTO_OK,0.046033,
G011,ESCALATE,0.702152,ambiguous
G012,ESCALATE,0.814277,account_access
G013,ESCALATE,0.703651,high_frustration
G014,ESCALATE,0.649269,ambiguous
G015,ESCALATE,0.672167,ambiguous
G016,ESCALATE,0.996957,security
G017,ESCALATE,0.590972,ambiguous
G018,ESCALATE,0.776544,ambiguous
G019,ESCALATE,0.828352,ambiguous
G020,ESCALATE,0.899849,security
G021,ESCALATE,0.757654,ambiguous
G022,ESCALATE,0.617107,ambiguous
G023,ESCALATE,0.531289,ambiguous
G024,ESCALATE,0.704963,ambiguous
G025,ESCALATE,0.548953,ambiguous
G026,ESCALATE,0.831822,ambiguous
G027,ESCALATE,0.623211,ambiguous
G028,AUTO_OK,0.116059,
G029,ESCALATE,0.679683,ambiguous
G030,AUTO_OK,0.216169,
G031,ESCALATE,0.680409,ambiguous
G032,AUTO_OK,0.207156,
G033,AUTO_OK,0.492558,
G034,AUTO_OK,0.302693,
G035,ESCALATE,0.98948,security
G036,AUTO_OK,0.348238,
G037,AUTO_OK,0.176416,
G038,ESCALATE,0.992262,account_access
G039,AUTO_OK,0.41824,
G040,AUTO_OK,0.17756,
G041,ESCALATE,0.657314,failed_self_service
G042,ESCALATE,0.642695,ambiguous
G043,AUTO_OK,0.138962,
G044,AUTO_OK,0.495961,
G045,ESCALATE,0.852742,existing_case
G046,ESCALATE,0.717936,ambiguous
G047,ESCALATE,0.607847,ambiguous
G048,ESCALATE,0.682489,ambiguous
G049,ESCALATE,0.74364,out_of_scope
G050,AUTO_OK,0.445223,
G051,ESCALATE,0.895423,ambiguous
G052,ESCALATE,0.670087,ambiguous
G053,ESCALATE,0.722973,ambiguous
G054,ESCALATE,0.774482,ambiguous
G055,AUTO_OK,0.135792,
G056,AUTO_OK,0.252674,
G057,ESCALATE,0.761921,ambiguous
G058,AUTO_OK,0.164823,
G059,ESCALATE,0.721745,high_frustration
G060,ESCALATE,0.59672,ambiguous
G061,ESCALATE,0.932529,payment_dispute
G062,AUTO_OK,0.308521,
G063,AUTO_OK,0.423298,
G064,ESCALATE,0.818463,ambiguous
G065,ESCALATE,0.638651,payment_dispute
G066,ESCALATE,0.696958,ambiguous
G067,AUTO_OK,0.157,
G068,AUTO_OK,0.476696,
G069,AUTO_OK,0.103098,
G070,ESCALATE,0.522178,high_frustration
G071,AUTO_OK,0.235905,
G072,AUTO_OK,0.078182,
G073,ESCALATE,0.866293,account_access
G074,ESCALATE,0.661367,ambiguous
G075,AUTO_OK,0.119417,
G076,AUTO_OK,0.028098,
G077,ESCALATE,0.588781,ambiguous
G078,ESCALATE,0.888537,payment_dispute
G079,AUTO_OK,0.195856,
G080,AUTO_OK,0.152117,
G081,AUTO_OK,0.322577,
G082,ESCALATE,0.571991,ambiguous
G083,ESCALATE,0.873809,account_access
G084,AUTO_OK,0.069377,
G085,ESCALATE,0.756811,ambiguous
G086,AUTO_OK,0.269811,
G087,ESCALATE,0.683535,safety_abuse
G088,ESCALATE,0.634669,failed_self_service
G089,AUTO_OK,0.005968,
G090,ESCALATE,0.84766,payment_dispute
G091,ESCALATE,0.961403,account_access
G092,ESCALATE,0.601192,ambiguous
G093,ESCALATE,0.911487,account_access
G094,ESCALATE,0.698455,ambiguous
G095,ESCALATE,0.713166,ambiguous
G096,AUTO_OK,0.210141,
G097,ESCALATE,0.972951,account_access
G098,ESCALATE,0.814274,ambiguous
G099,AUTO_OK,0.094879,
G100,ESCALATE,0.896848,account_access
G101,ESCALATE,0.667914,ambiguous
G102,AUTO_OK,0.332159,
G103,ESCALATE,0.91376,payment_dispute
G104,ESCALATE,0.597495,ambiguous
G105,AUTO_OK,0.426026,
G106,AUTO_OK,0.213514,
G107,ESCALATE,0.615634,ambiguous
G108,ESCALATE,0.612156,ambiguous
G109,AUTO_OK,0.395205,
G110,AUTO_OK,0.157286,
G111,AUTO_OK,0.064959,
G112,ESCALATE,0.68679,ambiguous
G113,ESCALATE,0.979159,account_access
G114,ESCALATE,0.758008,ambiguous
G115,ESCALATE,0.668523,ambiguous
G116,AUTO_OK,0.28429,
G117,ESCALATE,0.990107,account_access
G118,AUTO_OK,0.044078,
G119,ESCALATE,0.571643,ambiguous
G120,AUTO_OK,0.477585,
G121,ESCALATE,0.670597,existing_case
G122,ESCALATE,0.665579,payment_dispute
G123,ESCALATE,0.672414,ambiguous
G124,ESCALATE,0.932635,payment_dispute
G125,AUTO_OK,0.05188,
G126,ESCALATE,0.948197,payment_dispute
G127,ESCALATE,0.746923,ambiguous
G128,ESCALATE,0.685335,ambiguous
G129,ESCALATE,0.993002,payment_dispute
G130,ESCALATE,0.545499,ambiguous
G131,AUTO_OK,0.042727,
G132,ESCALATE,0.974083,security
G133,ESCALATE,0.556657,ambiguous
G134,AUTO_OK,0.074935,
G135,ESCALATE,0.718239,ambiguous
G136,AUTO_OK,0.324771,
G137,AUTO_OK,0.017571,
G138,ESCALATE,0.874753,ambiguous
G139,ESCALATE,0.796122,ambiguous
G140,AUTO_OK,0.485119,
G141,ESCALATE,0.513061,ambiguous
G142,AUTO_OK,0.133601,
G143,ESCALATE,0.587532,ambiguous
G144,AUTO_OK,0.39099,
G145,ESCALATE,0.596816,high_frustration
G146,ESCALATE,0.727895,ambiguous
G147,ESCALATE,0.807917,payment_dispute
G148,AUTO_OK,0.495234,
G149,ESCALATE,0.873366,account_access
G150,AUTO_OK,0.471573,
G151,ESCALATE,0.974803,payment_dispute
G152,ESCALATE,0.978664,payment_dispute
G153,ESCALATE,0.660008,failed_self_service
G154,ESCALATE,0.805277,ambiguous
G155,ESCALATE,0.671912,ambiguous
G156,ESCALATE,0.791989,account_access
G157,ESCALATE,0.908501,payment_dispute
G158,ESCALATE,0.644202,legal_rights
G159,AUTO_OK,0.05837,
G160,ESCALATE,0.817203,ambiguous
G161,ESCALATE,0.789928,ambiguous
G162,ESCALATE,0.541764,ambiguous
G163,ESCALATE,0.678615,ambiguous
G164,ESCALATE,0.834829,high_frustration
G165,AUTO_OK,0.134374,
G166,ESCALATE,0.705455,ambiguous
G167,AUTO_OK,0.496217,
G168,ESCALATE,0.994513,security
G169,ESCALATE,0.576404,ambiguous
G170,ESCALATE,0.754041,existing_case
G171,ESCALATE,0.567666,ambiguous
G172,AUTO_OK,0.104672,
G173,ESCALATE,0.590413,ambiguous
G174,ESCALATE,0.902849,payment_dispute
G175,ESCALATE,0.589556,ambiguous
G176,ESCALATE,0.997879,account_access
G177,AUTO_OK,0.20913,
G178,ESCALATE,0.535637,ambiguous
G179,ESCALATE,0.554122,ambiguous
G180,AUTO_OK,0.183333,
G181,AUTO_OK,0.309097,
G182,AUTO_OK,0.197466,
G183,ESCALATE,0.847615,ambiguous
G184,ESCALATE,0.633915,ambiguous
G185,AUTO_OK,0.122026,
G186,ESCALATE,0.919757,account_access
G187,ESCALATE,0.802264,ambiguous
G188,AUTO_OK,0.256238,
G189,AUTO_OK,0.153047,
G190,ESCALATE,0.520163,ambiguous
G191,AUTO_OK,0.442347,
G192,AUTO_OK,0.078044,
G193,ESCALATE,0.81971,payment_dispute
G194,AUTO_OK,0.346615,
G195,AUTO_OK,0.119636,
G196,AUTO_OK,0.029447,
G197,ESCALATE,0.863115,account_access
G198,AUTO_OK,0.154487,
G199,ESCALATE,0.582746,ambiguous
G200,ESCALATE,0.945592,payment_dispute
