id,reason,template_id,reply,sha256,guardrails_passed,guardrails_failed
G012,account_access,HANDOFF-01-account_access,Thanks for flagging this — account access issues need to be handled privately and securely. Please send us a DM and a member of our team will pick this up with you there.,3abc97d65b55ba4b,True,
G016,security,HANDOFF-11-security,Thanks for letting us know — we take this seriously and it needs to be handled privately. Please send us a DM so our team can look into it with you.,65983cf2ca691f7f,True,
G020,security,HANDOFF-11-security,Thanks for letting us know — we take this seriously and it needs to be handled privately. Please send us a DM so our team can look into it with you.,65983cf2ca691f7f,True,
G035,security,HANDOFF-11-security,Thanks for letting us know — we take this seriously and it needs to be handled privately. Please send us a DM so our team can look into it with you.,65983cf2ca691f7f,True,
G038,account_access,HANDOFF-01-account_access,Thanks for flagging this — account access issues need to be handled privately and securely. Please send us a DM and a member of our team will pick this up with you there.,3abc97d65b55ba4b,True,
G039,security,HANDOFF-11-security,Thanks for letting us know — we take this seriously and it needs to be handled privately. Please send us a DM so our team can look into it with you.,65983cf2ca691f7f,True,
G045,existing_case,HANDOFF-03-existing_case,Thanks for chasing this up. We'll pick it up in your existing conversation with us — please check your DMs and reply there.,19b652399eb35bba,True,
G087,safety_abuse,HANDOFF-10-safety_abuse,Thank you for reporting this. It needs proper attention from our team rather than a reply here — please send us a DM so we can look into it.,0cf9e8ee0757bb55,True,
G091,account_access,HANDOFF-01-account_access,Thanks for flagging this — account access issues need to be handled privately and securely. Please send us a DM and a member of our team will pick this up with you there.,3abc97d65b55ba4b,True,
G093,account_access,HANDOFF-01-account_access,Thanks for flagging this — account access issues need to be handled privately and securely. Please send us a DM and a member of our team will pick this up with you there.,3abc97d65b55ba4b,True,
G100,account_access,HANDOFF-01-account_access,Thanks for flagging this — account access issues need to be handled privately and securely. Please send us a DM and a member of our team will pick this up with you there.,3abc97d65b55ba4b,True,
G113,account_access,HANDOFF-01-account_access,Thanks for flagging this — account access issues need to be handled privately and securely. Please send us a DM and a member of our team will pick this up with you there.,3abc97d65b55ba4b,True,
G117,account_access,HANDOFF-01-account_access,Thanks for flagging this — account access issues need to be handled privately and securely. Please send us a DM and a member of our team will pick this up with you there.,3abc97d65b55ba4b,True,
G121,existing_case,HANDOFF-03-existing_case,Thanks for chasing this up. We'll pick it up in your existing conversation with us — please check your DMs and reply there.,19b652399eb35bba,True,
G129,payment_dispute,HANDOFF-08-payment_dispute,"Sorry for the trouble. Anything involving charges or refunds has to be looked at on your account directly, so please send us a DM and our team will take it from there.",1b4eb52597bdb0c4,True,
G132,security,HANDOFF-11-security,Thanks for letting us know — we take this seriously and it needs to be handled privately. Please send us a DM so our team can look into it with you.,65983cf2ca691f7f,True,
G149,account_access,HANDOFF-01-account_access,Thanks for flagging this — account access issues need to be handled privately and securely. Please send us a DM and a member of our team will pick this up with you there.,3abc97d65b55ba4b,True,
G152,payment_dispute,HANDOFF-08-payment_dispute,"Sorry for the trouble. Anything involving charges or refunds has to be looked at on your account directly, so please send us a DM and our team will take it from there.",1b4eb52597bdb0c4,True,
G158,legal_rights,HANDOFF-06-legal_rights,Thanks for raising this. We're passing it to the right team rather than answering here. Please send us a DM so we can follow up with you properly.,242a3e505381ce85,True,
G168,security,HANDOFF-11-security,Thanks for letting us know — we take this seriously and it needs to be handled privately. Please send us a DM so our team can look into it with you.,65983cf2ca691f7f,True,
G170,existing_case,HANDOFF-03-existing_case,Thanks for chasing this up. We'll pick it up in your existing conversation with us — please check your DMs and reply there.,19b652399eb35bba,True,
G176,account_access,HANDOFF-01-account_access,Thanks for flagging this — account access issues need to be handled privately and securely. Please send us a DM and a member of our team will pick this up with you there.,3abc97d65b55ba4b,True,
G186,account_access,HANDOFF-01-account_access,Thanks for flagging this — account access issues need to be handled privately and securely. Please send us a DM and a member of our team will pick this up with you there.,3abc97d65b55ba4b,True,
G193,payment_dispute,HANDOFF-08-payment_dispute,"Sorry for the trouble. Anything involving charges or refunds has to be looked at on your account directly, so please send us a DM and our team will take it from there.",1b4eb52597bdb0c4,True,
G200,payment_dispute,HANDOFF-08-payment_dispute,"Sorry for the trouble. Anything involving charges or refunds has to be looked at on your account directly, so please send us a DM and our team will take it from there.",1b4eb52597bdb0c4,True,
