id,pred_intent,max_proba
G001,other_unclear,0.4491
G002,product_feature_feedback,0.9484
G003,plans_eligibility,0.5086
G004,other_unclear,0.5091
G005,other_unclear,0.4776
G006,plans_eligibility,0.6809
G007,billing_subscription,0.7018
G008,playback_playlist,0.3577
G009,other_unclear,0.4567
G010,plans_eligibility,0.9484
G011,other_unclear,0.6454
G012,account_access,0.6828
G013,other_unclear,0.6261
G014,other_unclear,0.4936
G015,other_unclear,0.4129
G016,account_access,0.9905
G017,other_unclear,0.416
G018,other_unclear,0.7221
G019,other_unclear,0.7427
G020,billing_subscription,0.572
G021,other_unclear,0.4028
G022,other_unclear,0.4917
G023,other_unclear,0.2597
G024,other_unclear,0.4108
G025,other_unclear,0.4529
G026,other_unclear,0.7121
G027,other_unclear,0.4769
G028,playback_playlist,0.7314
G029,other_unclear,0.5104
G030,app_device_technical,0.4595
G031,other_unclear,0.6098
G032,product_feature_feedback,0.5928
G033,other_unclear,0.4326
G034,content_availability,0.443
G035,account_access,0.9569
G036,playback_playlist,0.5695
G037,app_device_technical,0.7102
G038,account_access,0.9827
G039,other_unclear,0.3208
G040,product_feature_feedback,0.5666
G041,other_unclear,0.3542
G042,other_unclear,0.5098
G043,product_feature_feedback,0.4111
G044,other_unclear,0.4419
G045,other_unclear,0.7888
G046,other_unclear,0.6454
G047,other_unclear,0.5286
G048,other_unclear,0.6361
G049,other_unclear,0.5844
G050,other_unclear,0.282
G051,other_unclear,0.748
G052,other_unclear,0.5911
G053,other_unclear,0.6335
G054,other_unclear,0.643
G055,app_device_technical,0.7676
G056,playback_playlist,0.5903
G057,other_unclear,0.6259
G058,playback_playlist,0.3738
G059,other_unclear,0.6623
G060,other_unclear,0.437
G061,billing_subscription,0.8677
G062,plans_eligibility,0.5116
G063,product_feature_feedback,0.2595
G064,other_unclear,0.7548
G065,billing_subscription,0.2907
G066,other_unclear,0.476
G067,app_device_technical,0.3301
G068,other_unclear,0.4349
G069,playback_playlist,0.7515
G070,other_unclear,0.4529
G071,plans_eligibility,0.6215
G072,plans_eligibility,0.8837
G073,account_access,0.4592
G074,other_unclear,0.5921
G075,app_device_technical,0.7638
G076,content_availability,0.8877
G077,other_unclear,0.4949
G078,billing_subscription,0.7533
G079,playback_playlist,0.6848
G080,plans_eligibility,0.7382
G081,app_device_technical,0.5545
G082,other_unclear,0.4355
G083,account_access,0.79
G084,app_device_technical,0.8631
G085,other_unclear,0.4158
G086,product_feature_feedback,0.6348
G087,other_unclear,0.5884
G088,other_unclear,0.339
G089,app_device_technical,0.9877
G090,billing_subscription,0.7497
G091,account_access,0.9256
G092,other_unclear,0.4832
G093,account_access,0.8256
G094,other_unclear,0.6043
G095,other_unclear,0.4999
G096,product_feature_feedback,0.3633
G097,account_access,0.9217
G098,other_unclear,0.6846
G099,content_availability,0.7798
G100,account_access,0.8631
G101,other_unclear,0.5166
G102,product_feature_feedback,0.4734
G103,billing_subscription,0.7939
G104,other_unclear,0.4997
G105,product_feature_feedback,0.3232
G106,content_availability,0.3132
G107,other_unclear,0.5313
G108,other_unclear,0.5351
G109,other_unclear,0.2852
G110,product_feature_feedback,0.7611
G111,playback_playlist,0.5007
G112,other_unclear,0.5423
G113,account_access,0.5842
G114,other_unclear,0.668
G115,other_unclear,0.3771
G116,plans_eligibility,0.5648
G117,billing_subscription,0.5879
G118,plans_eligibility,0.7501
G119,other_unclear,0.497
G120,other_unclear,0.399
G121,other_unclear,0.5862
G122,billing_subscription,0.269
G123,other_unclear,0.5774
G124,billing_subscription,0.8825
G125,content_availability,0.8741
G126,billing_subscription,0.8092
G127,other_unclear,0.5647
G128,other_unclear,0.6453
G129,billing_subscription,0.9875
G130,other_unclear,0.4657
G131,content_availability,0.9321
G132,account_access,0.9539
G133,other_unclear,0.4234
G134,app_device_technical,0.8792
G135,other_unclear,0.5324
G136,playback_playlist,0.5016
G137,app_device_technical,0.8359
G138,other_unclear,0.8154
G139,other_unclear,0.73
G140,other_unclear,0.4217
G141,other_unclear,0.4434
G142,app_device_technical,0.7702
G143,other_unclear,0.5246
G144,other_unclear,0.3418
G145,other_unclear,0.5489
G146,other_unclear,0.6725
G147,billing_subscription,0.6702
G148,other_unclear,0.4303
G149,account_access,0.5643
G150,other_unclear,0.3375
G151,billing_subscription,0.9477
G152,billing_subscription,0.9458
G153,other_unclear,0.5485
G154,other_unclear,0.5145
G155,other_unclear,0.6021
G156,account_access,0.7669
G157,billing_subscription,0.8971
G158,other_unclear,0.459
G159,product_feature_feedback,0.4841
G160,other_unclear,0.7718
G161,other_unclear,0.7015
G162,other_unclear,0.4519
G163,other_unclear,0.5852
G164,other_unclear,0.4635
G165,plans_eligibility,0.7721
G166,other_unclear,0.4741
G167,other_unclear,0.4152
G168,account_access,0.9828
G169,other_unclear,0.456
G170,other_unclear,0.5939
G171,other_unclear,0.4637
G172,app_device_technical,0.512
G173,other_unclear,0.5164
G174,billing_subscription,0.8771
G175,other_unclear,0.5291
G176,account_access,0.997
G177,playback_playlist,0.6053
G178,other_unclear,0.4617
G179,other_unclear,0.4102
G180,playback_playlist,0.4111
G181,app_device_technical,0.5191
G182,playback_playlist,0.457
G183,other_unclear,0.566
G184,other_unclear,0.4606
G185,product_feature_feedback,0.7423
G186,account_access,0.8544
G187,other_unclear,0.626
G188,playback_playlist,0.2985
G189,playback_playlist,0.5969
G190,other_unclear,0.4322
G191,other_unclear,0.349
G192,app_device_technical,0.7545
G193,billing_subscription,0.6333
G194,other_unclear,0.2688
G195,content_availability,0.8018
G196,product_feature_feedback,0.9547
G197,account_access,0.8493
G198,app_device_technical,0.7467
G199,other_unclear,0.4974
G200,billing_subscription,0.5659
