id,pred_intent
G001,product_feature_feedback
G002,other_unclear
G003,plans_eligibility
G004,product_feature_feedback
G005,product_feature_feedback
G006,plans_eligibility
G007,billing_subscription
G008,account_access
G009,other_unclear
G010,account_access
G011,account_access
G012,account_access
G013,other_unclear
G014,billing_subscription
G015,account_access
G016,account_access
G017,product_feature_feedback
G018,other_unclear
G019,other_unclear
G020,account_access
G021,account_access
G022,product_feature_feedback
G023,account_access
G024,account_access
G025,product_feature_feedback
G026,account_access
G027,product_feature_feedback
G028,product_feature_feedback
G029,account_access
G030,product_feature_feedback
G031,other_unclear
G032,product_feature_feedback
G033,content_availability
G034,product_feature_feedback
G035,account_access
G036,account_access
G037,account_access
G038,account_access
G039,other_unclear
G040,product_feature_feedback
G041,account_access
G042,billing_subscription
G043,product_feature_feedback
G044,other_unclear
G045,other_unclear
G046,other_unclear
G047,other_unclear
G048,other_unclear
G049,account_access
G050,other_unclear
G051,other_unclear
G052,other_unclear
G053,product_feature_feedback
G054,account_access
G055,product_feature_feedback
G056,other_unclear
G057,account_access
G058,other_unclear
G059,other_unclear
G060,other_unclear
G061,billing_subscription
G062,billing_subscription
G063,account_access
G064,other_unclear
G065,account_access
G066,other_unclear
G067,product_feature_feedback
G068,other_unclear
G069,billing_subscription
G070,other_unclear
G071,plans_eligibility
G072,account_access
G073,account_access
G074,account_access
G075,product_feature_feedback
G076,product_feature_feedback
G077,other_unclear
G078,billing_subscription
G079,product_feature_feedback
G080,product_feature_feedback
G081,other_unclear
G082,billing_subscription
G083,other_unclear
G084,account_access
G085,billing_subscription
G086,other_unclear
G087,other_unclear
G088,account_access
G089,other_unclear
G090,billing_subscription
G091,other_unclear
G092,product_feature_feedback
G093,account_access
G094,other_unclear
G095,account_access
G096,product_feature_feedback
G097,account_access
G098,other_unclear
G099,other_unclear
G100,account_access
G101,other_unclear
G102,product_feature_feedback
G103,billing_subscription
G104,product_feature_feedback
G105,account_access
G106,product_feature_feedback
G107,other_unclear
G108,product_feature_feedback
G109,product_feature_feedback
G110,product_feature_feedback
G111,other_unclear
G112,other_unclear
G113,billing_subscription
G114,other_unclear
G115,account_access
G116,billing_subscription
G117,billing_subscription
G118,plans_eligibility
G119,account_access
G120,other_unclear
G121,other_unclear
G122,billing_subscription
G123,other_unclear
G124,billing_subscription
G125,account_access
G126,account_access
G127,account_access
G128,other_unclear
G129,billing_subscription
G130,product_feature_feedback
G131,content_availability
G132,account_access
G133,plans_eligibility
G134,other_unclear
G135,other_unclear
G136,other_unclear
G137,account_access
G138,other_unclear
G139,account_access
G140,product_feature_feedback
G141,other_unclear
G142,other_unclear
G143,product_feature_feedback
G144,other_unclear
G145,other_unclear
G146,product_feature_feedback
G147,other_unclear
G148,other_unclear
G149,other_unclear
G150,account_access
G151,billing_subscription
G152,billing_subscription
G153,account_access
G154,account_access
G155,other_unclear
G156,account_access
G157,billing_subscription
G158,other_unclear
G159,product_feature_feedback
G160,other_unclear
G161,other_unclear
G162,other_unclear
G163,other_unclear
G164,account_access
G165,account_access
G166,other_unclear
G167,other_unclear
G168,account_access
G169,product_feature_feedback
G170,other_unclear
G171,product_feature_feedback
G172,product_feature_feedback
G173,other_unclear
G174,billing_subscription
G175,other_unclear
G176,account_access
G177,account_access
G178,other_unclear
G179,account_access
G180,billing_subscription
G181,other_unclear
G182,other_unclear
G183,other_unclear
G184,product_feature_feedback
G185,content_availability
G186,account_access
G187,other_unclear
G188,product_feature_feedback
G189,other_unclear
G190,product_feature_feedback
G191,other_unclear
G192,playback_playlist
G193,billing_subscription
G194,other_unclear
G195,product_feature_feedback
G196,product_feature_feedback
G197,account_access
G198,account_access
G199,other_unclear
G200,billing_subscription
