id,defect,parsed,acceptable,grounded,tone,cached
G006,wrong_intent,True,True,2,5,False
G006,fabricated_fact,True,False,2,5,True
G006,missing_escalation,True,False,1,5,True
G006,hostile_tone,True,False,2,4,True
G010,wrong_intent,True,False,1,1,False
G010,fabricated_fact,True,True,5,5,False
G010,missing_escalation,True,False,1,1,False
G010,hostile_tone,True,True,5,5,False
G028,wrong_intent,True,False,1,4,False
G028,fabricated_fact,True,False,2,5,False
G028,missing_escalation,True,False,1,4,False
G028,hostile_tone,True,False,2,4,False
G030,wrong_intent,True,True,5,5,False
G030,fabricated_fact,True,False,1,5,False
G030,missing_escalation,True,False,1,4,False
G030,hostile_tone,True,True,5,5,False
G032,wrong_intent,True,True,2,5,False
G032,fabricated_fact,True,False,1,5,False
G032,missing_escalation,True,False,1,1,False
G032,hostile_tone,True,True,5,5,False
G034,wrong_intent,True,False,1,1,True
G034,fabricated_fact,True,False,1,5,True
G034,missing_escalation,True,False,1,1,True
G034,hostile_tone,True,False,5,4,True
G036,wrong_intent,True,False,5,4,False
G036,fabricated_fact,True,True,2,5,True
G036,missing_escalation,True,False,1,1,True
G036,hostile_tone,True,False,1,3,True
G037,wrong_intent,True,False,1,1,False
G037,fabricated_fact,True,False,2,1,False
G037,missing_escalation,True,False,1,1,False
G037,hostile_tone,True,False,5,4,False
G040,wrong_intent,True,True,2,5,False
G040,fabricated_fact,True,False,2,5,False
G040,missing_escalation,True,False,1,5,False
G040,hostile_tone,True,False,2,4,False
G043,wrong_intent,True,False,1,5,False
G043,fabricated_fact,True,False,1,4,False
G043,missing_escalation,True,False,1,5,False
G043,hostile_tone,True,False,1,5,False
G056,wrong_intent,True,True,5,5,False
G056,fabricated_fact,True,False,2,4,False
G056,missing_escalation,True,False,1,1,False
G056,hostile_tone,True,False,5,4,False
G058,wrong_intent,True,True,5,5,False
G058,fabricated_fact,True,True,5,5,False
G058,missing_escalation,True,False,1,1,False
G058,hostile_tone,True,True,2,5,False
G062,wrong_intent,True,False,2,5,False
G062,fabricated_fact,True,False,2,5,False
G062,missing_escalation,True,False,2,5,False
G062,hostile_tone,True,False,4,4,False
G063,wrong_intent,True,False,1,1,False
G063,fabricated_fact,True,True,2,5,True
G063,missing_escalation,True,False,2,5,True
G063,hostile_tone,True,False,2,4,True
G067,wrong_intent,True,False,2,5,False
G067,fabricated_fact,True,False,2,5,False
G067,missing_escalation,True,False,1,1,False
G067,hostile_tone,True,False,2,4,False
G069,wrong_intent,True,False,2,4,False
G069,fabricated_fact,True,False,2,5,False
G069,missing_escalation,True,False,5,4,False
G069,hostile_tone,True,False,5,2,False
G071,wrong_intent,True,True,5,5,False
G071,fabricated_fact,True,False,2,5,True
G071,missing_escalation,True,True,5,5,True
G071,hostile_tone,True,False,5,4,True
G076,wrong_intent,True,True,5,5,False
G076,fabricated_fact,True,False,2,5,False
G076,missing_escalation,True,False,1,1,False
G076,hostile_tone,True,True,5,5,False
G081,wrong_intent,True,True,5,5,False
G081,fabricated_fact,True,False,2,5,False
G081,missing_escalation,True,False,1,1,False
G081,hostile_tone,True,True,2,5,False
G084,wrong_intent,True,True,2,5,False
G084,fabricated_fact,True,False,2,5,False
G084,missing_escalation,True,False,5,4,False
G084,hostile_tone,True,False,3,5,False
